{
    "name": "0001542f-5ce3cf52.jpg",
    "attributes": {
        "weather": "clear",
        "timeofday": "night",
        "scene": "city street"
    },
    "timestamp": 10000,
    "labels": [
        {
            "id": "20",
            "attributes": {
                "occluded": false,
                "truncated": false,
                "trafficLightColor": "NA"
            },
            "category": "traffic sign",
            "box2d": {
                "x1": 557.191711,
                "y1": 315.18361,
                "x2": 569.09375,
                "y2": 327.08565
            }
        },
        {
            "id": "21",
            "attributes": {
                "occluded": false,
                "truncated": false,
                "trafficLightColor": "G"
            },
            "category": "traffic light",
            "box2d": {
                "x1": 535.024959,
                "y1": 324.755618,
                "x2": 553.53924,
                "y2": 335.335208
            }
        },
        {
            "id": "22",
            "attributes": {
                "occluded": false,
                "truncated": false,
                "trafficLightColor": "G"
            },
            "category": "traffic light",
            "box2d": {
                "x1": 488.739255,
                "y1": 324.755618,
                "x2": 501.963741,
                "y2": 336.657658
            }
        },
        {
            "id": "23",
            "attributes": {
                "occluded": true,
                "truncated": false,
                "trafficLightColor": "NA"
            },
            "category": "car",
            "box2d": {
                "x1": 490.628467,
                "y1": 341.852989,
                "x2": 513.110095,
                "y2": 355.077477
            }
        },
        {
            "id": "24",
            "attributes": {
                "occluded": true,
                "truncated": false,
                "trafficLightColor": "NA"
            },
            "category": "car",
            "box2d": {
                "x1": 542.203967,
                "y1": 343.175437,
                "x2": 571.297838,
                "y2": 364.334618
            }
        },
        {
            "id": "25",
            "attributes": {
                "occluded": true,
                "truncated": false,
                "trafficLightColor": "NA"
            },
            "category": "car",
            "box2d": {
                "x1": 555.428455,
                "y1": 340.53054,
                "x2": 600.391709,
                "y2": 374.914207
            }
        },
        {
            "id": "26",
            "attributes": {
                "occluded": false,
                "truncated": false,
                "trafficLightColor": "NA"
            },
            "category": "car",
            "box2d": {
                "x1": 512.228456,
                "y1": 342.955033,
                "x2": 537.354981,
                "y2": 362.791763
            }
        },
        {
            "id": "27",
            "attributes": {
                "occluded": false,
                "truncated": false,
                "trafficLightColor": "NA"
            },
            "category": "car",
            "box2d": {
                "x1": 574.383545,
                "y1": 340.310135,
                "x2": 632.571287,
                "y2": 383.950942
            }
        },
        {
            "id": "28",
            "attributes": {
                "occluded": false,
                "truncated": false,
                "trafficLightColor": "NA"
            },
            "category": "car",
            "box2d": {
                "x1": 444.783572,
                "y1": 333.697893,
                "x2": 473.877443,
                "y2": 346.92238
            }
        },
        {
            "id": "29",
            "attributes": {
                "occluded": false,
                "truncated": false,
                "trafficLightColor": "NA"
            },
            "category": "car",
            "box2d": {
                "x1": 427.591739,
                "y1": 328.408097,
                "x2": 450.073367,
                "y2": 342.955033
            }
        },
        {
            "id": "30",
            "attributes": {
                "occluded": false,
                "truncated": false,
                "trafficLightColor": "NA"
            },
            "category": "car",
            "box2d": {
                "x1": 309.452996,
                "y1": 336.166461,
                "x2": 354.069112,
                "y2": 353.358294
            }
        },
        {
            "id": "31",
            "attributes": {
                "occluded": false,
                "truncated": false,
                "trafficLightColor": "NA"
            },
            "category": "car",
            "box2d": {
                "x1": 363.673392,
                "y1": 333.918296,
                "x2": 413.926443,
                "y2": 352.432578
            }
        },
        {
            "id": "32",
            "attributes": {
                "occluded": true,
                "truncated": false,
                "trafficLightColor": "NA"
            },
            "category": "bus",
            "box2d": {
                "x1": 261.497704,
                "y1": 329.95095,
                "x2": 325.32238,
                "y2": 352.432578
            }
        }
    ]
}