{
    "name": "00067cfb-5adfaaa7.jpg",
    "attributes": {
        "weather": "clear",
        "timeofday": "night",
        "scene": "highway"
    },
    "timestamp": 10000,
    "labels": [
        {
            "id": "87",
            "attributes": {
                "occluded": false,
                "truncated": false,
                "trafficLightColor": "NA"
            },
            "category": "traffic sign",
            "box2d": {
                "x1": 715.553541,
                "y1": 290.063314,
                "x2": 743.727461,
                "y2": 305.430907
            }
        },
        {
            "id": "88",
            "attributes": {
                "occluded": false,
                "truncated": false,
                "trafficLightColor": "NA"
            },
            "category": "traffic sign",
            "box2d": {
                "x1": 592.612798,
                "y1": 284.940784,
                "x2": 620.786718,
                "y2": 299.027744
            }
        },
        {
            "id": "89",
            "attributes": {
                "occluded": false,
                "truncated": false,
                "trafficLightColor": "NA"
            },
            "category": "traffic sign",
            "box2d": {
                "x1": 700.185948,
                "y1": 299.027744,
                "x2": 757.81442,
                "y2": 327.201663
            }
        },
        {
            "id": "90",
            "attributes": {
                "occluded": false,
                "truncated": false,
                "trafficLightColor": "NA"
            },
            "category": "traffic sign",
            "box2d": {
                "x1": 633.593046,
                "y1": 288.782682,
                "x2": 704.027846,
                "y2": 332.324195
            }
        },
        {
            "id": "91",
            "attributes": {
                "occluded": false,
                "truncated": false,
                "trafficLightColor": "NA"
            },
            "category": "traffic sign",
            "box2d": {
                "x1": 579.806471,
                "y1": 296.466478,
                "x2": 631.03178,
                "y2": 314.395336
            }
        },
        {
            "id": "92",
            "attributes": {
                "occluded": false,
                "truncated": false,
                "trafficLightColor": "NA"
            },
            "category": "traffic sign",
            "box2d": {
                "x1": 531.142427,
                "y1": 293.905213,
                "x2": 579.806471,
                "y2": 327.201665
            }
        },
        {
            "id": "93",
            "attributes": {
                "occluded": false,
                "truncated": false,
                "trafficLightColor": "NA"
            },
            "category": "traffic sign",
            "box2d": {
                "x1": 469.672057,
                "y1": 283.66015,
                "x2": 502.968508,
                "y2": 327.201663
            }
        },
        {
            "id": "94",
            "attributes": {
                "occluded": true,
                "truncated": false,
                "trafficLightColor": "NA"
            },
            "category": "car",
            "box2d": {
                "x1": 497.6037227520041,
                "y1": 385.470453,
                "x2": 544.589071,
                "y2": 432.853864
            }
        },
        {
            "id": "95",
            "attributes": {
                "occluded": true,
                "truncated": false,
                "trafficLightColor": "NA"
            },
            "category": "car",
            "box2d": {
                "x1": 680.33614,
                "y1": 380.347922,
                "x2": 716.193857,
                "y2": 416.20564
            }
        },
        {
            "id": "96",
            "attributes": {
                "occluded": true,
                "truncated": false,
                "trafficLightColor": "NA"
            },
            "category": "car",
            "box2d": {
                "x1": 709.790693,
                "y1": 377.786657,
                "x2": 795.593087,
                "y2": 441.818293
            }
        },
        {
            "id": "97",
            "attributes": {
                "occluded": true,
                "truncated": false,
                "trafficLightColor": "NA"
            },
            "category": "truck",
            "box2d": {
                "x1": 739.245246,
                "y1": 312.474387,
                "x2": 821.205741,
                "y2": 422.0689512637327
            }
        },
        {
            "id": "98",
            "attributes": {
                "occluded": true,
                "truncated": false,
                "trafficLightColor": "NA"
            },
            "category": "car",
            "box2d": {
                "x1": 801.99625,
                "y1": 376.506024,
                "x2": 854.502192,
                "y2": 432.853864
            }
        },
        {
            "id": "99",
            "attributes": {
                "occluded": false,
                "truncated": false,
                "trafficLightColor": "NA"
            },
            "category": "car",
            "box2d": {
                "x1": 824.407323,
                "y1": 347.3757920345735,
                "x2": 1080.53387,
                "y2": 481.517908
            }
        },
        {
            "id": "100",
            "attributes": {
                "occluded": true,
                "truncated": true,
                "trafficLightColor": "NA"
            },
            "category": "car",
            "box2d": {
                "x1": 1075.41134,
                "y1": 343.209573,
                "x2": 1280.0,
                "y2": 458.466519
            }
        },
        {
            "id": "101",
            "attributes": {
                "occluded": false,
                "truncated": false,
                "trafficLightColor": "NA"
            },
            "category": "car",
            "box2d": {
                "x1": 503.637939,
                "y1": 368.41611857799865,
                "x2": 733.2553800383655,
                "y2": 556.394904
            }
        }
    ]
}